gene_id	baseMean	log2FoldChange	lfcSE	pvalue	padj
ENSMUSG00000021609	101.0455	-4.304368	2.51372845	7.619551e-07	0.002087376
ENSMUSG00000024256	13.16044	-3.453542	1.37988214	3.613395e-07	0.001979779
ENSMUSG00000030110	55.41772	-1.851129	1.19039752	2.2466e-06	0.003692736
ENSMUSG00000040452	109.6328	-1.259248	0.43597327	7.383612e-07	0.002087376
ENSMUSG00000090546	267.4489	-17.19275	2.82631405	5.877249e-10	9.660433e-06
ENSMUSG00000103497	62.5305	-1.069274	0.37468333	1.062458e-06	0.002494802
