gene_id	baseMean	log2FoldChange	lfcSE	pvalue	padj
ENSMUSG00000090546	267.4489	-17.7244	2.73328055	6.415022e-11	9.546195e-07
ENSMUSG00000094812	40.42129	19.06534	6.85717509	3.761498e-07	0.002205033
